label,sentence
_,Heterogeneous effects of energy efficiency and renewable energy on carbon emissions: Evidence from developing countries
_,Abstract:
_,The adoption of energy-efficient and clean energy resources is crucial in reducing greenhouse gas emissions.
Research_Theme,"The study analyzes the heterogeneous effects of energy efficiency (EE), renewable energy (RE), and other variables on carbon emissions within the context of the environment Kuznets curve (EKC) hypothesis in 66 developing countries from 1990 to 2014."
_,"This study incorporates the role of EE in the construction of the EKC hypothesis, which has been neglected in the previous literature."
_,"By using panel ordinary least squares and fixed-effect panel quantile regression (PQR), we find that the impact of the decisive factors of  emissions are heterogeneous across different quantiles."
_,"Specifically, EE reduces  emissions across all quantiles, but the mitigation effect is strongest at the 90th quantile."
_,RE reduces  emissions and shows a substantial effect at the 10th quantile.
_,Nuclear energy consumption reduces  emissions but significantly influences carbon emissions only at the 50th quantile.
_,"GDP (Y) increases  emissions, but the escalating effect of Y increases at the upper quantiles."
_,The squared of GDP  reduces  emissions and shows the strongest mitigation effect at the upper quantiles.
_,"The quantile coefficients of Y and  are significantly positive and negative, respectively, thereby verifying the existence of the EKC hypothesis in developing countries."
_,"In sum, EE and RE contribute to reducing carbon emissions in developing countries."
_,These results also verify EE as an essential factor in the formation of the EKC hypothesis in developing countries and offer some important recommendations for designing and implementing appropriate economic and energy policies to achieve environment sustainability in these countries.
