label,sentence
_,Target and demand for renewable energy across 10 ASEAN countries by 2040
_,Abstract
_,"The member countries of Southeast Asia have renewable energy sources that never run out like solar energy, wind, geothermal, hydropower, biomass, etc."
_,"Geographically, Southeast Asian countries are between two continents that have tropical and humid climate conditions in general, while only Myanmar has a subtropical climate because it is astronomically."
_,This provides easier access to many renewable energy sources.
_,The governments of ASEAN member countries have made several policies and promoted renewable energy to encourage individuals and industries to use renewable energy in the future.
Research_Theme,"This study provides information on the status of renewable energy as a comprehensive substitute for fossils in Southeast Asian countries, which includes the potential for renewable energy in the region and the capacity of renewable energy currently available."
_,"The study also provides brief information on the potential of renewable energy, renewable energy targets, and challenges to energy demand in Southeast Asia."
_,"In addition, this paper provides several recommendations for renewable energy in Southeast Asian countries."
