label,sentence
_,The drivers of sustained use of liquified petroleum gas in India
_,"Ninety-five per cent of Indian households now have access to liquified petroleum gas (LPG), with 80 million acquiring it under the Pradhan Mantri Ujjwala Yojana (PMUY) since 2016."
_,"Still, having a connection is not enough to eliminate household air pollution."
_,"Studying panel data from rural households in six major states from 2014–2015 and 2018, we assess the determinants of cooking energy transition from solid fuels to LPG."
Research_Theme,"We find that PMUY beneficiaries have much lower odds of using LPG as the primary or exclusive fuel compared with general customers, irrespective of their economic status."
_,"Village-level penetration of LPG as a primary fuel and the years of LPG use positively influence its sustained use, while ease of access to freely available biomass and reliance on uncertain and irregular income sources hinder LPG use."
_,"The findings highlight the need to interlace cooking fuel policies with rural development, to enable a complete transition towards cleaner cooking fuels."
_,It is not clear what factors drive sustained use of clean cooking fuels after adoption in places such as India and China.
_,"With India achieving a liquified petroleum gas penetration of 95%, Mani et al."
_,"use longitudinal data from a survey of more than 8,000 rural households to identify the reasons for the uptake and sustained use of the clean fuel."
