label,sentence
_,Outlook for clean air in the context of sustainable development goals
_,Air pollution is linked with many of the United Nations Sustainable Development Goals.
_,"Strategies aiming at the improved air quality interact directly with climate mitigation targets, access to clean energy services, waste management, and other aspects of socio-economic development."
_,"Continuation of current policies in the key emitting sectors implies that a number of sustainability goals will likely not be met within the next two decades: emissions of air pollutants would cause 40% more premature deaths from outdoor air pollution than today, carbon emissions would rise globally by 0.4% per year, while nearly two billion people would not have access to clean cooking."
Research_Theme,"This paper examines integrated policies to put the world on track towards three interlinked goals of achieving universal energy access, limiting climate change and reducing air pollution."
_,Scenario analysis suggests that these goals can be attained simultaneously with substantial benefits.
_,"By 2040, emissions of main pollutants are projected to drop by 60–80% relative to today, and associated health impacts are quantified at two million avoided deaths from ambient and household air pollution combined."
_,"In comparison to costs needed for the decarbonization of global economy, additional investments in air pollution control and access to clean fuels are very modest against major societal gains."
_,"However, holistic and systemic policy assessment is required to avoid potential trade-offs."
