label,sentence
_,The potential of variable speed diesel application in increasing renewable energy source penetration
_,Abstract
_,"Integration of renewable energy source (RES) generation to displace diesel generation can present clear economic, environmental and social benefit."
_,"While low level RES integration is relatively easy to achieve, both the cost and complexity escalate as systems target increasing RES penetration."
_,A key barrier to greater RES penetrations remains the inefficiency of diesel generation to operate at low or partial loading.
_,"To achieve low or partial loading, conventional fixed speed diesel technologies must rely on prescribed purge routines, which serve to increase emissions intensity and fuel consumption."
_,Fixed speed constraint remains the primary barrier to increased engine flexibility and improved partial load efficiency.
Research_Theme,This paper investigates redesign of the diesel generator to achieve variable speed operation.
_,"A suitable design basis is developed, with laboratory testing used to validate unit performance, ahead of economic evaluation."
_,"Economic modelling is presented to explore the improve engine flexibility, required of hybrid diesel applications."
_,Variable speed application is shown to reduce diesel fuel consumption by up to 40 % in comparison to conventional hybrid diesel applications.
