label,sentence
_,The dismantling of renewable energy policies: The cases of Spain and the Czech Republic
_,Abstract
_,"Despite their increasing cost competitiveness, the continued expansion of renewable energy remains dependent on policy support."
_,"Moreover, the dismantling of renewable energy policies in a number of former pioneer countries indicates that continued policy support is not a foregone conclusion."
_,"Yet, in light of the accelerating expansion of renewable energy, the dismantling of renewable energy policies has captured comparatively less attention than the rapid spread of support schemes."
Research_Theme,This article seeks to fill this important knowledge gap by developing and testing a framework for the analysis of policy dismantling processes in the renewable energy sector.
_,It applies the framework to conduct a comparative analysis of policy dismantling in Spain and the Czech Republic.
_,Both countries represent European pioneers of renewable energy support who subsequently dismantled their policies.
_,The paper finds that the inter-relationship between policy design and the broader configuration of the political economy in the energy sector are key for understanding dismantling processes.
_,It offers a number of conclusions for the design of more robust renewable energy support policies.
