label,sentence
_,"Impacts of nocturnal breastfeeding, photoperiod, and access to electricity on maternal sleep behaviors in a non-industrial rural Bolivian population"
_,Abstract
_,Objectives
Research_Theme,"We tested 4 main predictions, derived from life history theory and self-evident human diurnality, regarding maternal sleep behaviors in a non-industrialized population in which mother-nursling co-sleeping is universal and prolonged: (1) Night breastfeeding incurs a sleep cost to co-sleeping mothers; (2) Night breastfeeding increases with infant age, causing mothers to sleep less; (3) Sleep duration co-varies with darkness duration; (4) Access to electricity reduces sleep duration."
_,Design
_,Mothers self-recorded and reported nursing and sleep behaviors for a 48-hour period once per month (median = 5 months).
_,Setting
_,"Rural Bolivian altiplano homesteads, primarily reliant on agropastoralism, scattered throughout the countryside surrounding a main town (altitude 3800 m; 17°14’S, 65°55’W; darkness duration 10-12 hours over the year)."
_,Participants
_,One hundred eighty-four co-sleeping mother-infant pairs (infant age 22-730 days).
_,Measurements
_,"Breastfeeding frequency, and retiring and rising times for 885 48-hour observation periods."
_,Results
_,Maternal sleep duration covaried with darkness duration.
_,"Sleep duration was shorter in those with access to electricity (ie, living nearer to town) than those without access (more distant homesteads)."
_,Night breastfeeding rate was fairly steady until it began to decline after the first year postpartum.
_,"At a given infant age, higher night breastfeeding rates were associated with less maternal sleep."
_,"As their infants aged, mothers without electricity slept more, whereas mothers with access slept less."
_,Conclusions
_,"During the first year postpartum, more frequent night nursing shortens maternal sleep more than any other predictor variable."
_,"For older infants, the effect of night nursing diminishes, and even modest “modernization” (eg, access to electricity) is associated with shorter maternal sleep."
