label,sentence
_,"Renewable energy consumption, carbon emissions, and development stages: Some evidence from panel cointegration analysis"
_,"Renewable energy consumption has been promoted to mitigate climate change problems under various schemes, such as the Kyoto Protocol and the Paris Agreement."
_,"A country's choice of energy resources depends on the balancing of economic growth and environmental degradation, which will be closely related to its development stage."
Research_Theme,This study examines how the relationship between renewable energy consumption and carbon emissions is associated with the development stage by applying a panel cointegration analysis to 107 countries during the period from 1990 to 2013.
_,The analysis shows the clear differences between the groups of low- and high-income countries.
_,"For low-income countries, renewable energy consumption is positively and negatively associated with carbon emissions and output, respectively."
_,"However, for high-income countries, renewable energy consumption is negatively and positively associated with carbon emissions and output, respectively."
_,"These results have important implications for policymakers, since the discrepancies in these relationships mean that a country's renewable energy policies should be highly compatible with its development stage."
