label,sentence
_,Gender Equality and Electoral Violence in Africa
_,Abstract
Research_Theme,We examine the impact of gender equality on electoral violence in Africa using micro-level data from the sixth round of Afrobarometer surveys.
_,The sample covers 30 countries.
_,We find that gender equality is associated with lower electoral violence.
_,"Quantitatively, our estimates show that an increase in female-to-male labor force participation ratio by 1 percentage point is correlated with a reduction of the probability of electoral violence across the continent by around 4.2 percentage points."
_,"Our results are robust to alternative ways to measure electoral violence and gender equality, as well as to alternative specifications."
_,The findings of this paper support the long-standing view that women empowerment contributes to the reduction of violence and underscore the urgency of addressing gender inequality in Africa.
