label,sentence
_,Towards planet 50:50: Gender equality by 2030 in Indonesia
_,"This study analyzes the readiness of the Indonesian people to reach the United Nations 'Planet 50:50 Gender Equality in 2030' target, using government support."
Research_Theme,"A qualitative approach was used to assess the problem, with secondary data as the primary source."
_,The Focus Group Discussion (FGD) is a forum to get clarification and input from experts and observers of gender equality in Indonesia.
_,"Secondary data and recapitulations of FGD results were analyzed, using narrative descriptive analysis."
_,"Research results show that: (1) Discrimination against Indonesian women will continue, especially in the public and government spheres."
_,Opportunities for women to fill strategic positions are still marked by close competition with men.
_,(2) Violence against women continues to increase from year to year.
_,"Even if there is a decrease in the number or percentage, it does not mean that cases of violence against women have begun to decrease."
_,"However, there are still many unreported cases."
_,Reported cases are just the tip of the iceberg.
_,"(3) Women's participation has not fulfilled the 30% quota in parliament, despite the government's affirmative action policy which requires each political party to include 30% of candidates for legislative positions."
_,"In reality, only 20% was reached in the 2019 elections."
_,"The ideals of the Indonesian people towards Planet 50:50 Gender Equality in 2030 still have to pass through a long and winding road, due to various factors."
_,"There continues to be much confusion in the community in even understanding gender issues, and so Gender Mainstreaming Programs (PUG) still experience many obstacles."
_,"Likewise, various government policies relating to gender equality, which eliminate discrimination, minimize violence against women and children, as well as affirmative action policies encouraging a 30% quota for women in parliament, still face obstacles."
_,"Thus, their achievement has not been maximized."
