label,sentence
_,Risk scoring for domestic violence in pregnancy
_,Background: Most studies and work on domestic violence against women are aimed at helping victims.
_,Studies aimed at detecting those at risk of domestic violence are few.
_,Risk identification has important implications for early detection and prevention.
Research_Theme,"Methods: A risk scoring tool was developed and tested on 466 antenatal clinic attendees at 3 levels of health care in Zaria, Nigeria."
_,Results: The prevalence of domestic violence was 11.8%.
_,The sensitivity of the tool was 96.6% and specificity 11.8%.
_,The positive predictive value and accuracy were 13.7% and 22.5% respectively.
_,Conclusions: The tool has a high sensitivity and could be a good screening tool for identifying those at risk for domestic violence in pregnancy.
