label,sentence
_,Gender and health social enterprises in Africa: A research agenda
_,Abstract
_,Background: Health social enterprises in Africa working with community health workers (CHWs) are growing rapidly but understudied.
_,"In particular, gender equality issues related to their work has important public health and equity implications."
Research_Theme,"Methods: Particularly suited for generating timely findings from reviews at the intersection of overlapping disciplines, we utilized the rapid evidence assessment (REA) methodology to identify key unanswered research questions at the intersection of the fields of gender equality, social enterprises and community health workers."
_,"The REA used a series of structured Google Scholar searches, expert interviews and bibliography reviews to identify 57 articles in the academic and grey literatures that met the study inclusion criteria."
_,"Articles were thematically coded to identify answers to ""What are the most important research questions about the influence of gender on CHWs working with health social enterprises in Africa?"""
_,"Results: The analysis identified six key unanswered research questions relating to 1) equitable systems and structures; 2) training; 3) leadership development and career enhancement; 4) payment and incentives; 5) partner, household and community support; and 6) performance."
_,Conclusion: This is the first study of its kind to identify the key unanswered research questions relevant to gender equality in health social enterprises in Africa using community health workers.
_,"As such, it sets out a research agenda for this newly emerging but rapidly developing area of research and practice with important public health implications."
