label,sentence
_,Troubling gender equality: Revisiting gender equality work in the famous Nordic model countries
_,Abstract
_,"This article concerns gender equality work, that is, those educational and workplace activities that involve the promotion of gender equality."
_,"It is based on research conducted in Sweden and Finland, and focuses on the period during which the public sector has become more market-oriented and project-based all over the Nordic countries."
_,The consequences of this development on gender equality work have not yet been thoroughly analysed.
Research_Theme,Our joint empirical analysis is based on discourse-analytic methodology and two previous empirical studies.
_,"By analysing interviews conducted with people involved in gender equality work, this article emphasises the effects of market-oriented and project-based gender equality work in education and working life in Sweden and in Finland."
_,The findings highlight an alliance between projectisation and heteronormativity that acts to regulate how gender equality ought to be talked about in order for its issues to be heard.
_,"A persistently constructed ‘remedy’ to ‘the gender equality problem’ is that girls and women are positioned as ‘needing’ to change more than boys and men, by adopting more traditionally ‘masculine manners’ and choosing to work in more ‘masculine sectors’."
_,The findings also show that the constitutive forces of these discourses provide little leeway for critical perspectives.
