label,sentence
_,GENDER EQUALITY and the GENDER GAP in MATHEMATICS
_,Abstract
_,A gender gap has been found in mathematics (boys outperform girls) that has prevailed across countries for many decades.
_,Whether this gap results from nature or nurture has been hotly debated.
Research_Theme,"Using the evidence of PISA 2003 and the gender equality index of 2003, some researchers have argued that an improvement in gender equality reduces the gender gap in mathematics."
_,"This study used five waves of country-level PISA data and, controlling for country fixed effects, found no evidence to support this argument."
_,"Furthermore, individual data for PISA 2012 and the multilevel data model were used."
_,The conclusion drawn also does not support the argument.
_,"In fact, the relationship between gender equality and the gender gap in mathematics vanished after PISA 2003."
