label,sentence
_,A study on intersectional discrimination in employment against disabled women in the UK
_,The present study examined the employment status of disabled and nondisabled men and women in the United Kingdom.
Research_Theme,"Using the 2009–14 Life Opportunities Survey (N = 32,355 observations), the study empirically examined how the intersection of disability and gender affects disabled women and their employment status in the UK."
_,Random effects multinomial and logistic regression models were used.
_,"Findings indicated that disabled women were significantly less likely to be employed and more likely to be economically inactive than disabled men, nondisabled women, and nondisabled men."
_,They were also significantly the least likely to work full-time among the four groups.
_,Disabled women were significantly less likely to be supervisors than disabled men and felt more limited in the type or amount of paid work they could do than nondisabled women.
_,The present study provided empirical evidence to policymakers interested in developing policies that better address intersectional discrimination and enhance disabled women’s employment status.
