label,sentence
_,Women’s and girls’ experiences of menstruation in low-and middle-income countries: A systematic review and qualitative metasynthesis
_,Abstract
_,Background Attention to women’s and girls’ menstrual needs is critical for global health and gender equality.
_,"The importance of this neglected experience has been elucidated by a growing body of qualitative research, which we systematically reviewed and synthesised."
Research_Theme,Methods and findings We undertook systematic searching to identify qualitative studies of women’s and girls’ experiences of menstruation in low-and middle-income countries (LMICs).
_,"Of 6,892 citations screened, 76 studies reported in 87 citations were included."
_,"Studies captured the experiences of over 6,000 participants from 35 countries."
_,"This included 45 studies from sub-Saharan Africa (with the greatest number of studies from Kenya [n = 7], Uganda [n = 6], and Ethiopia [n = 5]), 21 from South Asia (including India [n = 12] and Nepal [n = 5]), 8 from East Asia and the Pacific, 5 from Latin America and the Caribbean, 5 from the Middle East and North Africa, and 1 study from Europe and Central Asia."
_,"Through synthesis, we identified overarching themes and their relationships to develop a directional model of menstrual experience."
_,This model maps distal and proximal antecedents of menstrual experience through to the impacts of this experience on health and well-being.
_,"The sociocultural context, including menstrual stigma and gender norms, influenced experiences by limiting knowledge about menstruation, limiting social support, and shaping internalised and externally enforced behavioural expectations."
_,"Resource limitations underlay inadequate physical infrastructure to support menstruation, as well as an economic environment restricting access to affordable menstrual materials."
_,"Menstrual experience included multiple themes: menstrual practices, perceptions of practices and environments, confidence, shame and distress, and containment of bleeding and odour."
_,These components of experience were interlinked and contributed to negative impacts on women’s and girls’ lives.
_,Impacts included harms to physical and psychological health as well as education and social engagement.
_,Our review is limited by the available studies.
_,"Study quality was varied, with 18 studies rated as high, 35 medium, and 23 low trustworthiness."
_,Sampling and analysis tended to be untrustworthy in lower-quality studies.
_,"Studies focused on the experiences of adolescent girls were most strongly represented, and we achieved early saturation for this group."
_,"Reflecting the focus of menstrual health research globally, there was an absence of studies focused on adult women and those from certain geographical areas."
_,"Conclusions Through synthesis of extant qualitative studies of menstrual experience, we highlight consistent challenges and developed an integrated model of menstrual experience."
_,This model hypothesises directional pathways that could be tested by future studies and may serve as a framework for program and policy development by highlighting critical antecedents and pathways through which interventions could improve women’s and girls’ health and well-being.
