label,sentence
_,Gender Differences in Leadership Positions Among Academic Nuclear Medicine Specialists in Canada and the United States
_,Abstract
_,"Objective: Despite equal representation of genders among medical students, women continue to be underrepresented in the field of academic diagnostic radiology."
_,These differences are manifest across subspecialties in academic medicine and even in diagnostic radiology.
_,There are limited data available addressing diversity among nuclear medicine specialists.
_,"Thus, our primary objective was to compare gender representation in academic and leadership positions among faculty members in nuclear medicine in Canada and the United States."
_,Our secondary objective was to study the influences to account for the existing disparity in academic nuclear medicine.
Research_Theme,"Materials and methods: Using the Fellowship and Residency Electronic Interactive Database (FREIDA) and Canadian Resident Matching Service (CaRMS), we created a database of faculty members in nuclear medicine."
_,"For assessment of academic performance, the h-index, number of publications, number of citations, and years of active research were extracted using Scopus."
_,"Results: The academic ranks of 237 faculty members were used for analysis; of this group, 16.95% of associate professors were female."
_,"Women were less frequently represented in higher academic ranks, and women were also less frequently represented in leadership ranks (13.6% female vs 86.4% male)."
_,The h-index was comparable across genders.
_,Conclusion: Female nuclear medicine specialists are underrepresented in academic and leadership positions compared with their male counterparts.
_,This difference in numbers is unlikely to be because of academic performance given that both genders had comparable academic performance metrics in our study.
_,The results show the need for devising strategies to promote diversity in academic and leadership positions across nuclear medicine specialists.
