label,sentence
_,The (Not So) Changing Man: Dynamic Gender Stereotypes in Sweden
_,Abstract
_,"According to Social Role Theory, gender stereotypes are dynamic constructs influenced by actual and perceived changes in what roles women and men occupy (Wood and Eagly, 2011)."
_,"Sweden is ranked as one of the most egalitarian countries in the world, with a strong national equality discourse and a relatively high number of men engaging in traditionally communal roles such as parenting and domestic tasks."
_,This would imply a perceived change toward higher communion among men.
_,"Therefore, we investigated the dynamics of gender stereotype content in Sweden with a primary interest in the male stereotype and perceptions of gender equality."
Research_Theme,"In Study 1, participants (N = 323) estimated descriptive stereotype content of women and men in Sweden in the past, present, or future."
_,They also estimated gender distribution in occupations and domestic roles for each time-point.
_,"Results showed that the female stereotype increased in agentic traits from the past to the present, whereas the male stereotype showed no change in either agentic or communal traits."
_,"Furthermore, participants estimated no change in gender stereotypes for the future, and they overestimated how often women and men occupy gender non-traditional roles at present."
_,"In Study 2, we controlled for participants' actual knowledge about role change by either describing women's increased responsibilities on the job market, or men's increased responsibility at home (or provided no description)."
_,Participants (N = 648) were randomized to the three different conditions.
_,"Overall, women were perceived to increase in agentic traits, and this change was mediated by perceptions of social role occupation."
_,Men where not perceived to increase in communion but decreased in agency when change focused on women's increased participation in the labor market.
_,These results indicate that role change among women also influence perceptions of the male stereotype.
_,"Altogether, the results indicate that social roles might have stronger influence on perceptions of agency than perceptions of communion, and that communion could be harder to incorporate in the male stereotype."
