label,sentence
_,Re-evaluating the “traditional”: How the South Sudanese use established gender narratives to advance women's equality and empowerment
_,Abstract
_,"Women's equality and empowerment are international development priorities, but are difficult to achieve."
_,"Much gender and development literature blames entrenched “traditional” gender roles and norms, using them to explain slow progress towards gender and development goals, such as girls’ and women's education, women's participation in public decision-making, and women's land and property ownership."
_,"The literature often concludes that, for gender and development goals to be realized, traditional gender narratives must be challenged and changed."
_,"However, limited research examines the full range of ways in which people, who live in highly gender-unequal societies, actually use traditional gender narratives to negotiate issues of women's empowerment and gender equality."
Research_Theme,"Drawing on qualitative data collected from three rural South Sudanese communities—comprising interviews and focus groups with 94 research participants, and over five hours of community radio content—this study demonstrates that gender narratives considered to be traditional by the South Sudanese, during a post-conflict transition period, do not necessarily constitute barriers to the advancement of gender and development goals."
_,"Rather, the South Sudanese use traditional gender narratives, in this context, to both resist and support goals that the international development community prioritizes."
_,"By providing evidence that traditional gender narratives are mobilized and used by community members to support women's equality and empowerment, this paper challenges and extends development scholarship that positions traditional narratives as barriers, and encourages development practitioners to consider how they might critically harness, rather than reject, such narratives in the pursuit of gender and development goals."
