label,sentence
_,Workplace Discrimination against Working Women in Jordan
_,The purpose of this study is to explore the sources related to work place discrimination against working women in Jordan.
_,"The studied discrimination sources are: age discrimination, racial discrimination, religious discrimination, gender discrimination, women social status discrimination and sexual harassment."
Research_Theme,Data were collected via questionnaires from 154 working women in academic and managerial positions at Al-Balqa Applied University in Jordan.
_,Crosstabs were used to describe sample characteristics related to discrimination and Chi square test was used to test the hypotheses.
_,Crosstabs tabulations results found that educated and married women who are moving to a higher age category feel more discriminated at workplace.
_,Chi Square findings indicated that Jordanian working women exposed to different sources of discrimination except religious discrimination at workplace.
