label,sentence
_,Gender Diversity in a STEM Subfield - Analysis of a Large Scientific Society and Its Annual Conferences
_,Abstract
_,"Speaking engagements, serving as session chairs, and receiving awards at national meetings are essential stepping stones towards professional success for scientific researchers."
_,"Studies of gender parity in meetings of national scientific societies repeatedly uncover bias in speaker selection, engendering underrepresentation of women among featured presenters."
Research_Theme,"To continue this dialogue, we analyzed membership data and annual conference programs of a large scientific society (>7000 members annually) in a male-rich (~70% males), technology-oriented STEM subfield."
_,"We detected a pronounced skew towards males among invited keynote lecturers, plenary speakers, and recipients of the society's Senior Investigator award (15%, 13%, and 8% females, respectively)."
_,"However, the proportion of females among Mid-Career and Young Investigator award recipients and oral session chairs resembled the current gender distribution of the general membership."
_,Female members were more likely to present at the conferences and equally likely to apply and be accepted for oral presentations as their male counterparts.
_,The gender of a session chair had no effect on the gender distribution of selected applicants.
_,"Interestingly, we identified several research subareas that were naturally enriched (i.e., not influenced by unequal selection of presenters) for either female or male participants, illustrating within a single subfield the gender divide along biology-technology line typical of all STEM disciplines."
_,"Two female-enriched topics experienced a rapid growth in popularity within the examined period, more than doubling the number of associated researchers."
_,"Collectively, these findings contribute to the contemporary discourse on gender in science and hopefully will propel positive changes within this and other societies."
