label,sentence
_,PERSPECTIVE OF CONVENTION ON THE ELIMINATION OF ALL FORMS OF DISCRIMINATION AGAINST WOMEN (CEDAW) ON THE CYBER HARASSMENT IN INDONESIA
_,"In 2017, there are 3,528 cases of violence against women in Indonesia, in which 76% of violence occurs in the form of sexual harassment."
_,"Sexual harassment is a part of discrimination against women, therefore the United Nations issued the Convention on the Elimination of All Forms of Discrimination against Women (CEDAW) as a safeguard of women’s rights."
_,"Nowdays, sexual harassment has developed into a new form, namely cyber harassment."
_,"Unfortunately, in CEDAW, there is no clear and specific statement related to it."
Research_Theme,This study is a normative legal research with Statute Approach and Case Approach.
_,"By using the qualitative descriptive method, this study will elaborate on the protection of women from cyber harassment in Indonesia based on the perspective of CEDAW."
_,"The result shows that, as the international treaty, CEDAW does not provide any punishment for the suspect to be prosecuted."
_,"Fortunately, Indonesia has Law No."
_,11 of 2008 on Electronic Information and Transactions to deal with cyber harassment cases.
_,The author recommends the Indonesian government to formulate a new law dealing with cyber harassment.
_,"Aside of that, education to the society on cyber harassment itself needs to be conducted by the government to prevent more victims in the future."
