label,sentence
_,Adult roles and the gender gap in political knowledge: a comparative study
_,Abstract
_,The unusual size and persistence of the gender gap in political knowledge is perplexing in comparison to other dimensions of politics.
_,"Building on situational explanations of political engagement, this article claims that women’s and men’s specific adult roles lead to an enlargement of the gender gap in knowledge."
Research_Theme,The present study analyses men and women’s levels of political knowledge at different life stages by means of two unique datasets specifically collected to measure what people know about politics.
_,Findings show that adult roles provide more opportunities for men to gain political knowledge than for women.
_,"Furthermore, the comparison of levels of political knowledge in two such dissimilar countries as Finland and Spain suggests that while gender equality policies are successful in tearing down some of the obstacles that hinder women’s contact with the political world, they are still insufficient to completely bridge the gender gap in political knowledge during adulthood."
