label,sentence
_,﻿Pleasure and orgasm in women with Female Genital Mutilation/Cutting (FGM/C).
_,INTRODUCTION
_,Female genital mutilation/cutting (FGM/C) violates human rights.
_,"FGM/C women's sexuality is not well known and often it is neglected by gynecologists, urologists, and sexologists."
_,"In mutilated/cut women, some fundamental structures for orgasm have not been excised."
_,AIM
_,The aim of this report is to describe and analyze the results of four investigations on sexual functioning in different groups of cut women.
_,MAIN OUTCOME MEASURE
_,INSTRUMENTS
_,semistructured interviews and the Female Sexual Function Index (FSFI).
_,METHODS
_,SAMPLE
Research_Theme,137 adult women affected by different types of FGM/C; 58 young FGM/C ladies living in the West; 57 infibulated women; 15 infibulated women after the operation of defibulation.
_,RESULTS
_,"The group of 137 women, affected by different types of FGM/C, reported orgasm in almost 86%, always 69.23%; 58 mutilated young women reported orgasm in 91.43%, always 8.57%; after defibulation 14 out of 15 infibulated women reported orgasm; the group of 57 infibulated women investigated with the FSFI questionnaire showed significant differences between group of study and an equivalent group of control in desire, arousal, orgasm, and satisfaction with mean scores higher in the group of mutilated women."
_,No significant differences were observed between the two groups in lubrication and pain.
_,CONCLUSION
_,"Embryology, anatomy, and physiology of female erectile organs are neglected in specialist textbooks."
_,"In infibulated women, some erectile structures fundamental for orgasm have not been excised."
_,"Cultural influence can change the perception of pleasure, as well as social acceptance."
_,Every woman has the right to have sexual health and to feel sexual pleasure for full psychophysical well-being of the person.
_,"In accordance with other research, the present study reports that FGM/C women can also have the possibility of reaching an orgasm."
_,"Therefore, FGM/C women with sexual dysfunctions can and must be cured; they have the right to have an appropriate sexual therapy."
