label,sentence
_,﻿Power vs money: alternative approaches to reducing child marriage in Bangladesh a randomized control trial.
Research_Theme,A clustered randomized trial in Bangladesh examines alternative strategies to reduce child marriage and teenage childbearing and increase girls education.
_,Communities were randomized into three treatment and one control group in a 2:1:1:2 ratio.
_,From 2008 girls in treatment communities received either i) a six-month empowerment program ii) a financial incentive to delay marriage or iii) empowerment plus incentive.
_,Data from 15739 girls 4.5 years after program completion show that girls eligible for the incentive for at least two years were 25% (-9.2ppts p<0.01) less likely to be married under 18 16% (-5.0ppts p<0.01) less likely to have given birth under 20 and 24% (6.8ppts p<0.01) more likely to be in school at age 22.
_,Unlike other incentive programs that are conditional on girls staying in school an incentive conditional on marriage alone has the potential to bene_t out-of-school girls.
_,We find insignificantly different effects for girls in and out of school at baseline.
_,The empowerment program did not decrease child marriage or teenage childbearing.
_,However girls eligible for the empowerment program were 10% (2.9ppts p<0.10) more likely to be in-school.
