label,sentence
_,Clitoral reconstruction after female genital mutilation/cutting: case studies.
_,ABSTRACT
_,INTRODUCTION
_,"Clitoral reconstruction following female genital mutilation/cutting (FGM/C) is a new surgical technique reported to be a feasible and effective strategy to reduce clitoral pain, improve sexual pleasure, and restore a vulvar appearance similar to uncircumcised women."
_,"However, data on safety, care offered, and evaluation of sexual and pain outcomes are still limited."
_,AIMS
_,"This study aims to present the care offered and clinical outcomes of two women who received multidisciplinary care, including psychosexual treatment, with clitoral reconstruction."
_,"We report their long-term outcomes, and the histology of the removed periclitoral fibrosis."
_,METHODS
Research_Theme,We report the cases of two women with FGM/C types II and III who requested clitoral reconstruction for different reasons.
_,"One woman hoped to improve her chronic vulvar pain, as well as improve her sexual response."
_,"The other woman requested surgery due to a desire to reverse a procedure that was performed without her consent, and a wish to have a genital appearance similar to non infibulated women."
_,They both underwent psychosexual evaluation and therapy and surgery.
_,The histology of the periclitoral fibrosis removed during surgery was analyzed.
_,RESULTS
_,"At 1-year postoperatively, the first woman reported complete disappearance of vulvar pain and improved sexual pleasure, including orgasm."
_,"Our second patient also described improved sexuality at 1-year follow-up (increased sexual desire, lubrication, vulvar pleasure, and sensitiveness), which she attributed to a better self body image and confidence."
_,"Both women reported feeling satisfied, happy, and more beautiful."
_,CONCLUSION
_,"We show a positive outcome in pain reduction and improved sexual function, self body image, and gender after psychosexual therapy and clitoral reconstruction."
_,More evidence is needed about clitoral reconstruction to develop guidelines on best practices.
_,"Until research is conducted that rigorously evaluates clitoral reconstruction for its impact on pain and sexuality, we advise always offering a multidisciplinary care, including sexual therapy before and after the surgery."
