label,sentence
_,﻿REGIONAL VARIATIONS IN CHILD MARRIAGE IN BANGLADESH.
_,This study aimed to investigate the regional variations in the prevalence of child marriage in Bangladesh with a view to providing recommendations for division-specific policy interventions.
Research_Theme,Data from the 2011 Bangladesh Demographic and Health Survey were analysed using multivariate logistic regression.
_,Substantial regional variations in child marriage were found in Bangladesh.
_,"Rangpur and Khulna had more than four times higher odds of child marriage than Sylhet (4.57 and 4.11 times, respectively)."
_,"Barisal and Rajshahi had more than three times higher odds of child marriage than Sylhet (3.70 and 3.48 times, respectively)."
_,"Chittagong and Dhaka had about two times odds of child marriage than Sylhet (1.98 and 2.67 times, respectively), even after controlling for selected socio-demographic, economic and cultural characteristics."
_,"Respondent's education, employment status, husband's education and wealth index were inversely associated with the prevalence of child marriage."
_,The policy implications of these findings are discussed in the context of Bangladesh.
