label,sentence
_,﻿Sexual function in women with female genital mutilation.
_,OBJECTIVE
_,To compare the sexual function of women with female genital mutilation (FGM) to women without FGM.
_,DESIGN
_,A prospective case-control study.
_,SETTING
_,A tertiary referral university hospital.
_,PATIENT(S)
Research_Theme,"One hundred and thirty sexually active women with FGM and 130 sexually active women without FGM in Jeddah, Saudi Arabia."
_,INTERVENTION(S)
_,Women with and without FGM were asked to answer the Arabic-translated version of the female sexual function index (FSFI) questionnaire.
_,MAIN OUTCOME MEASURE(S)
_,"The individual domain scores for pain, arousal, lubrication, orgasm, satisfaction, pain, and overall score of the FSFI were calculated."
_,RESULT(S)
_,The two groups were comparable in demographic characteristics.
_,There were no statistically significant differences between the two groups in mean desire score (+/- standard deviation) or pain score.
_,"However, there were statistically significant differences between the two groups in their scores for arousal, lubrication, orgasm, and satisfaction as well as the overall score."
_,CONCLUSION(S)
_,Sexual function in women with FGM is adversely altered.
_,This adds to the well-known health consequences of FGM.
_,Efforts to document and explain these complications should be encouraged so that FGM can be abandoned.
