label,sentence
_,﻿Late complications of childhood female genital mutilation.
_,BACKGROUND
_,Canada's immigrants are increasingly from non-English-speaking countries with different medical issues.
_,Female genital mutilation (FGM) is a procedure performed for non-medical reasons that is not traditionally encountered in Canada and that has serious health implications for women.
_,CASE
Research_Theme Research_Theme,"A 36-year-old woman, who underwent FGM at the age of four, presented to our colposcopy unit with increasing swelling of the vulva."
_,"Examination revealed a large cystic mass in the midline of the vulva, and MRI identified two well-defined cystic lesions."
_,"The mass was excised, and histologic examination confirmed an epidermal inclusion cyst."
_,CONCLUSION
_,An epidermal inclusion cyst can develop as a long-term consequence of FGM.
_,"Although it grows slowly and usually without symptoms, it may require excision because of inflammation, secondary infection, or, in rare cases, malignancy developing within the cyst."
