label,sentence
_,"﻿Female genital cutting in Kilimanjaro, Tanzania: changing attitudes?"
_,OBJECTIVES
_,"To study the prevalence, type, social correlates and attitudes towards female genital cutting (FGC) among urban women in Kilimanjaro, Tanzania; and to examine the association between FGC and gynaecological problems, reproductive tract infections (RTIs) and HIV."
_,METHODS
Research_Theme,"In 1999, 379 women attending reproductive health care clinics were interviewed and underwent pelvic examination."
_,Specimens for RTI/HIV diagnosis were taken.
_,RESULTS
_,"Seventeen per cent had undergone FGC, mostly clitoridectomy (97%)."
_,"Female genital cutting prevalence was significantly lower among educated, Christian and Chagga women."
_,Women aged >or=35 were twice as likely to be cut as those < 25 years.
_,Seventy-six per cent of those who had undergone FGC intend not to perform the procedure on their daughters.
_,Age < 25 years (P < 0.0001) and low parity (P < 0.01) were predictors of that intention.
_,"There was no association between RTIs, HIV or hepatitis B and FGC."
_,CONCLUSION
_,"FGC is still fairly common but there is evidence of a change of attitude towards the practice, especially among young women."
_,The opportunity to educate women who attend reproductive health care facilities on FGC should be taken.
