label,sentence
_,Effect of female genital mutilation/cutting on sexual functions.
_,ABSTRACT
_,BACKGROUND
_,Female Genital Mutilation/Cutting (FGM/C) or female circumcision is the procedure of eliminating some or all parts of the external female genitalia.
_,FGM/C is carried out by traditional circumcisers.
_,They usually use cutting tools like a blade or straight-razor.
_,"Although FGM/C is well described in the African continent and some Arabic countries, data from Iran are scarce."
_,OBJECTIVES
_,The major objective of this current study was to investigate the effects of FGM/C on the female sexual function of married women compared to the non-circumcised women in the Kurdistan province of Iran.
_,METHODS
Research_Theme,"A case-control study was conducted in a sample of 280 married women (140 circumcised-women and 140 non-circumcised-women) who referred to the healthcare centers for vaccination, midwifery, or family planning services."
_,Participants were requested to complete the Persian-translated version of the Female Sexual Function Index.
_,MAIN OUTCOME MEASURES
_,The total score of the FSFI and its individual domains.
_,RESULTS
_,"Of the circumcised women, 51.4% reported circumcision procedures before the age of 3 years."
_,Religion motivation (53.6%) was mentioned as the most important factor for the family leading to FGM/C.
_,Almost all operations were performed by traditional circumcisers.
_,Non-circumcised women had significantly higher Persian-FSFI total score (25.3?
_,?4.34) compared to the circumcised women (17.9?
_,?5.39).
_,CONCLUSION
_,Sexual function in women with FGM/C is adversely altered.
_,"In Kurdistan province women, FGM/C is associated with reduction of scores of Persian-FSFI on all domain scores."
_,"Education in general and informing the people that FGM/C is not a religious Hadith certainly would have a great impact on the suffering of the women from FGM/C as well as the level of ""desire, arousal, lubrication, orgasm, satisfaction, and pain in the sexual function of women""."
