label,sentence
_,﻿Male complications of female genital mutilation.
_,Female genital mutilation (FGM) is known to cause a wide range of immediate and long-term complications for women subjected to the practice.
_,"Male complications due to FGM have, however, not been described before."
_,The objectives of this study were to explore male complications and attitudes with regard to FGM.
_,A village in the Gezira Scheme along the Blue Nile in Sudan constituted the basis of the study.
Research_Theme,"Interviews were carried out according to a pre-tested questionnaire, using structured questions with open-answer possibilities."
_,Married men of the youngest parental generation and grandfathers were randomly selected from up-to-date election lists.
_,All respondents except one agreed to be interviewed.
_,"A total of 59 men were interviewed, 29 young men and 30 grandfathers."
_,"Male complications resulting from FGM, such as difficulty in penetration, wounds/infections on the penis and psychological problems were described by a majority of the men."
_,Most men were also aware of the female complications.
_,More young than old respondents would have accepted a woman without FGM to become their daughter-in-law (p < 0.03).
_,A majority of the young men would have preferred to marry a woman without FGM.
_,This proportion was significantly higher than among the grandfathers (p < 0.01).
_,Female genital mutilation can no longer be considered to be only an issue for women.
_,The acknowledged male complications and attitudes described may open new possibilities to counteract the practice of FGM.
_,LESS
