label,sentence
_,"﻿Obstetric outcomes for women with female genital mutilation at an Australian hospital, 2006–2012: a descriptive study"
_,Background
_,"Women, who have been subjected to female genital mutilation (FGM), can suffer serious and irreversible physical, psychological and psychosexual complications."
_,They have more adverse obstetric outcomes as compared to women without FGM.
_,Exploratory studies suggest radical change to abandonment of FGM by communities after migration to countries where FGM is not prevalent.
_,"Women who had been subjected to FGM as a child in their countries of origin, require specialised healthcare to reduce complications and further suffering."
_,Our study compared obstetric outcomes in women with FGM to women without FGM who gave birth in a metropolitan Australian hospital with expertise in holistic FGM management.
_,Methods
Research_Theme,The obstetric outcomes of one hundred and ninety-six women with FGM who gave birth between 2006 and 2012 at a metropolitan Australian hospital were analysed.
_,Comparison was made with 8852 women without FGM who gave birth during the same time period.
_,"Data were extracted from a database specifically designed for women with FGM and managed by midwives specialised in care of these women, and a routine obstetric database, ObstetriX."
_,The accuracy of data collection on FGM was determined by comparing these two databases.
_,All women with FGM type 3 were deinfibulated antenatally or during labour.
_,"The outcome measures were (1) maternal: accuracy and grade of FGM classification, caesarean section, instrumental birth, episiotomy, genital tract trauma, postpartum blood loss of more than 500 ml; and (2) neonatal: low birth weight, admission to a special care nursery, stillbirth."
_,Results
_,The prevalence of FGM in women who gave birth at the metropolitan hospital was 2 to 3 %.
_,"Women with FGM had similar obstetric outcomes to women without FGM, except for statistically significant higher risk of first and second degree perineal tears, and caesarean section."
_,"However, none of the caesarean sections were performed for FGM indications."
_,The ObstetriX database was only 35 % accurate in recording the correct FGM type.
_,Conclusion
_,Women with FGM had similar obstetric outcomes to women without FGM in an Australian metropolitan hospital with expertise in FGM management.
_,Specialised FGM services with clinical practice guideline and education of healthcare professionals may increase the detection rate of FGM and improve obstetric management of women with FGM.
_,LESS
