label,sentence
_,﻿Prevalence of intimate partner violence: findings from the WHO multi-country study on women's health and domestic violence
_,BACKGROUND
_,Violence against women is a serious human rights abuse and public health issue.
_,"Despite growing evidence of the size of the problem, current evidence comes largely from industrialised settings, and methodological differences limit the extent to which comparisons can be made between studies."
_,"We aimed to estimate the extent of physical and sexual intimate partner violence against women in 15 sites in ten countries: Bangladesh, Brazil, Ethiopia, Japan, Namibia, Peru, Samoa, Serbia and Montenegro, Thailand, and the United Republic of Tanzania."
_,METHODS
_,Standardised population-based household surveys were done between 2000 and 2003.
Research_Theme,Women aged 15-49 years were interviewed and those who had ever had a male partner were asked in private about their experiences of physically and sexually violent and emotionally abusive acts.
_,FINDINGS
_,"24,097 women completed interviews, with around 1500 interviews per site."
_,"The reported lifetime prevalence of physical or sexual partner violence, or both, varied from 15% to 71%, with two sites having a prevalence of less than 25%, seven between 25% and 50%, and six between 50% and 75%."
_,"Between 4% and 54% of respondents reported physical or sexual partner violence, or both, in the past year."
_,Men who were more controlling were more likely to be violent against their partners.
_,In all but one setting women were at far greater risk of physical or sexual violence by a partner than from violence by other people.
_,INTERPRETATION
_,The findings confirm that physical and sexual partner violence against women is widespread.
_,"The variation in prevalence within and between settings highlights that this violence in not inevitable, and must be addressed."
