label,sentence
_,The role of men in abandonment of female genital mutilation: a systematic review
_,ABSTRACT
_,"BackgroundMen in their roles as fathers, husbands, community and religious leaders may play a pivotal part in the continuation of female genital mutilation (FGM)."
Research_Theme,"However, the research on their views of FGM and their potential role in its abandonment are not well described.MethodsWe undertook a systematic review of all publications between 2004 and 2014 that explored mens attitudes, beliefs, and behaviours in regards to FGM, as well as their ideas about FGM prevention and abandonment.ResultsWe included twenty peer-reviewed articles from 15 countries in the analysis."
_,Analysis revealed ambiguity of mens wishes in regards to the continuation of FGM.
_,Many men wished to abandon this practice because of the physical and psychosexual complications to both women and men.
_,Social obligation and the silent culture between the sexes were posited as major obstacles for change.
_,"Support for abandonment was influenced by notions of social obligation, religion, education, ethnicity, urban living, migration, and understanding of the negative sequelae of FGM."
_,The strongest influence was education.ConclusionThe level of education of men was one of the most important indicators for mens support for abandonment of FGM.
_,Social obligation and the lack of dialogue between men and women were two key issues that men acknowledged as barriers to abandonment.
_,Advocacy by men and collaboration between men and womens health and community programs may be important steps forward in the abandonment process.
