label,sentence
_,﻿Prevalence and Risk Factors of Domestic Violence Against Women by Their Husbands in Iran
_,Objective:
_,Domestic violence against women is a health problem.
_,Research on domestic violence in order to clarify the relationship between the different forms of violence and health outcomes is needed.
_,This study aimed to determine the frequency and risk factors of domestic violence in women.
_,"It also assessed the association between risk factors and psychological, physical, and sexual violence against women by their intimate partners."
_,Materials and Methods:
Research_Theme,This cross-sectional study was done on married women 16–80 years of age living in jahrom south of Iran between August 2013 and December 2014.
_,This research was implemented through questionnaires including the demographic characteristic.
_,"The form of partner violence including emotional abuse, physical violence and sexual violence was assessed with a validated questionnaire."
_,Odds ratios and 95% confidence intervals were calculated to measure the association between violence and factors.
_,Results:
_,"The prevalence of physical, sexual and emotional domestic violence was respectively 16.4%, 18.6% and 44.4%.and was associated with Age (p=0.002), Husband’s Age (p=0.001), Length of marriage (p=0.002), Woman’s low educational level women’s education (OR=4.67 95%."
_,"CI=1.97-11.07), husband’s low education (OR=9.22 95%."
_,"CI=0.69-12.16), were the most important risk factors for violence."
_,"Conclusion: Prevalence of physical, emotional or sexual violence was very high."
_,Men’s violence against women in intimate relationships is commonly occurring in Iran.
_,"Considering the factors contributing to violence against women, raising the level of education of men and women is one of the ways to prevent violence."
