label,sentence
_,"﻿Pattern of Exploitation and Organised Crime: Study on Homeless Beggars in Patna, Bihar"
_,Homelessness has been one of the issues that remain unresolved in parts of India due to complicated and interwoven factors.
_,"Human rights groups have also found that in India children are sometimes forced into pornography, prostitution and sex slavery."
_,The purpose of the study is to find out the pattern of exploitation and victimization of the beggar population in Patna district.
_,The study is qualitative and exploratory in nature.
Research_Theme,Purposive sampling was used to conduct this study with 22 beggars including female and male beggars aged between 13 to 55.
_,The study reveals that homeless beggars are victims of organized crimes and face exploitation such as physical torture and economic loss.
_,Female beggars face sexual exploitation and are manipulated into prostitution.
_,"Young beggars are manipulated and forced into drug abuse and drug dealing, pick pocketing, stealing and robbery."
_,"With no doubt, the illegal activities are being operated by gangs & supported by local police."
_,Homeless beggars are being targeted and continuously exploited by gangs especially young girls & children.
_,State needs to take immediate steps to prevent these vulnerable populations from being victimized being homeless.
_,The study is conducted at specific places where beggars‟ daily activities are centralized with consequence that the findings are potentially very context specific.
_,"Index TermHomeless, Beggars, Exploitation, Victim, Prostitution."
