label,sentence
_,﻿Missed opportunities for diagnosis of female genital mutilation.
_,OBJECTIVE
_,To investigate missed opportunities for diagnosing female genital mutilation (FGM) at an obstetrics and gynecology (OB/GYN) department in Switzerland.
_,METHODS
Research_Theme,"In a retrospective study, we included 129 consecutive women with FGM who attended the FGM outpatient clinic at the Department of Gynecology and Obstetrics at the University Hospitals of Geneva between 2010 and 2012."
_,The medical files of all women who had undergone at least 1 previous gynecologic exam performed by an OB/GYN doctor or a midwife at the study institution were reviewed.
_,"The type of FGM reported in the files was considered correct if it corresponded to that reported by the specialized gynecologist at the FGM clinic, according to WHO classification."
_,RESULTS
_,"In 48 (37.2%) cases, FGM was not mentioned in the medical file."
_,"In 34 (26.4%) women, the diagnosis was correct."
_,FGM was identified but erroneously classified in 28 (21.7%) cases.
_,There were no factors (women's characteristics or FGM type) associated with missed diagnosis.
_,CONCLUSION
_,Opportunities to identify FGM are frequently missed.
_,Measures should be taken to improve FGM diagnosis and care
