label,sentence
_,﻿Intimate partner violence and breastfeeding practices: a systematic review of observational studies
_,"Data sources: The search was carried out in five databases, including MEDLINE, LILACS, SCOPUS, PsycoINFO, and Science Direct."
_,The search strategy was carried out in February 2017.
_,"The authors included original studies with observational design, which investigated forms of intimate partner violence (including emotional, physical, and/or sexual) and breastfeeding practices."
Research_Theme,The quality of the studies was assessed based on the bias susceptibility through criteria specifically developed for this review.
_,"Summary of data: The study included 12 original articles (10 cross-sectional, one case-control, and one cohort study) carried out in different countries."
_,"The forms of intimate partner violence observed were emotional, physical, and/or sexual."
_,Breastfeeding was investigated by different tools and only assessed children between 2 days and 6 months of life.
_,"Of the 12 studies included in this review, eight found a lower breastfeeding intention, breastfeeding initiation, and exclusive breastfeeding during the first six months of the child's life, and a higher likelihood of early termination of exclusive breastfeeding among women living at home where violence was present."
_,The quality varied between the studies and six were classified as having low bias susceptibility based on the assessed items.
_,Conclusions: Intimate partner violence is associated with inadequate breastfeeding practices of children aged 2 days to 6 months of life.
