label,sentence
_,"﻿THE CORRELATION BETWEEN KNOWLEDGE OF MARRIAGEABLE AGE, EDUCATION, MATCHMAKING AND CHILD MARRIAGE IN FEMALES IN BANJARNEGARA INDONESIA"
_,"Background : Teenage marriage is still found in developing countries, including Indonesia."
_,The percentage of teenage marriage in females in Indonesia is 11.5%.
_,"Various factors related to teenage marriage are education, knowledge, economy, and culture."
_,"Impacts caused by teenage marriages include pregnancy in adolescence which results in increased maternal and infant deaths, dropouts, and poor quality of the family."
_,"The prevalence of teenage marriage in Banjarnegara in 2016 was 23%, higher than the national prevalence."
_,"Objective : This study aims to determine the correlation between factors related to knowledge of marriageable age, education, matchmaking and child marriage in females in Banjarnegara Indonesia."
Research_Theme,Methods : This was a correlational cross sectional study.
_,There were 96 respondents selected using proportionated stratified random sampling Chi square and logistic regression were used for data analysis.
_,"Results : Findings show that there were statistically significant correlations between knowledge of marriageable age, education and child marriage."
_,"There was no signifciant relationship between matchmaking and child marriage, Respondents with low knowledge were 0.5 times more likely to have child marriage compared with those with high knowledge (p = 0.001, 95% CI = 0.320-0.782)."
_,Conclusion : Knowledge of marriageable age is cosidered as the dominant factor affecting child marriage in Banjarnegara Indonesia.
_,It is suggested that health care providers should continuously promote about the impact of child marriage to increase the knowledge of marriageable age.
