label,sentence
_,﻿Intimate Partner Violence During Pregnancy: Incidence and Associated Health Behaviors in a Rural Population
_,Objectives:
_,"The goal of this investigation was to examine the prevalence of different types of intimate partner violence (IPV) during pregnancy, as well as the association between both physical and psychological IPV and negative health behaviors, including smoking, other substance use, inadequate prenatal care utilization, and nutrition, in a rural sample."
_,Methods:
Research_Theme,"104 southern Appalachian women, primarily Caucasian and lower SES, completed a pregnancy interview focused on IPV (CTS2) and health behaviors."
_,Medical records were also reviewed.
_,Results:
_,"81% of participants reported some type of IPV during the current pregnancy, with 28% reporting physical IPV, and 20% reporting sexual violence."
_,More than half were current smokers.
_,"Physical IPV during pregnancy was associated with significantly increased rates of pregnancy smoking (including decreased rates of quitting and reducing), increased rates of alcohol, marijuana, and harder illicit drug use around the time of conception, and later entry into prenatal care."
_,"The experience of psychological IPV during pregnancy was associated with a significantly decreased likelihood of quitting or reducing smoking during pregnancy, an increased rate of alcohol use around the time of conception, and an increased rate of pre-pregnancy obesity."
_,Conclusions:
_,"In this sample, pregnancy IPV and smoking occurred at rates well above national averages."
_,"Additionally, while physical IPV during pregnancy was associated with several negative pregnancy health behaviors, the experience of psychological IPV, even in the absence of physical IPV, also placed women at increased risk for negative health behaviors, all of which have been linked to poor pregnancy and newborn outcomes."
