label,sentence
_,﻿Violence against women increases the risk of infant and child mortality: a case-referent study in Nicaragua.
_,OBJECTIVE
_,To investigate the impact of violence against mothers on mortality risks for their offspring before 5 years of age in Nicaragua.
_,METHODS
Research_Theme,"From a demographic database covering a random sample of urban and rural households in Le n, Nicaragua, we identified all live births among women aged 15-49 years."
_,"Cases were defined as those who had died before the age of 5 years, between January 1993 and June 1996."
_,"For each case, two referents, matched for sex and age at death, were selected from the database."
_,A total of 110 mothers of the cases and 203 mothers of the referents were interviewed using a standard questionnaire covering mothers' experience of physical and sexual violence.
_,The data were analysed for the risk associated with maternal experience of violence of infant and under-5 mortality.
_,FINDINGS
_,"A total of 61% of mothers of cases had a lifetime experience of physical and/or sexual violence compared with 37% of mothers of referents, with a significant association being found between such experiences and mortality among their offspring."
_,"Other factors associated with higher infant and under-5 mortality were mother's education (no formal education), age (older), and parity (multiparity)."
_,CONCLUSIONS
_,"The results suggest an association between physical and sexual violence against mothers, either before or during pregnancy, and an increased risk of under-5 mortality of their offspring."
_,"The type and severity of violence was probably more relevant to the risk than the timing, and violence may impact child health through maternal stress or care-giving behaviours rather than through direct trauma itself."
