label,sentence
_,﻿Posttraumatic stress disorder and memory problems after female genital mutilation.
_,OBJECTIVE
_,This pilot study investigated the mental health status of women after genital mutilation.
_,"Although experts have assumed that circumcised women are more prone to developing psychiatric illnesses than the general population, there has been little research to confirm this claim."
_,It was predicted that female genital mutilation is associated with a high rate of posttraumatic stress disorder (PTSD).
_,METHOD
_,The psychological impact of female genital mutilation was assessed in 23 circumcised Senegalese women in Dakar.
_,Twenty-four uncircumcised Senegalese women served as comparison subjects.
Research_Theme,A neuropsychiatric interview and further questionnaires were used to assess traumatization and psychiatric illnesses.
_,RESULTS
_,The circumcised women showed a significantly higher prevalence of PTSD (30.4%) and other psychiatric syndromes (47.9%) than the uncircumcised women.
_,PTSD was accompanied by memory problems.
_,CONCLUSIONS
_,"Within the circumcised group, a mental health problem exists that may furnish the first evidence of the severe psychological consequences of female genital mutilation."
