label,sentence
_,﻿Domestic Violence Against Married Women in Cambodia
Research_Theme,"We evaluate the effects of marital resources and early-life experiences on recent domestic violence and attitudes about wife abuse among 2,074 married Cambodian women."
_,Household standard of living was negatively associated with physical domestic violence.
_,Women with 8-13 fewer years of schooling than their husbands more often experienced physical and psychological domestic violence.
_,Women with more living children more often experienced physical domestic violence and justified wife beating.
_,Having surviving parents and siblings was not associated with domestic violence nor with attitudes about wife beating.
_,"Women reporting higher paternal schooling, urban childhood residence and domestic violence against their mothers had higher odds of experiencing physical and psychological domestic violence."
_,Findings underscore the effects of marital resources and early-life experiences on domestic violence in Cambodia.
