label,sentence
_,"﻿Clinical, Sexual and Psychopathological Changes after Clitoral Reconstruction in a Type II Female Genital Mutilation/Cutting: A Case Report."
_,Female genital mutilation/cutting (FGM/C) is a health issue associated with serious negative psychological and health consequences.
_,"However, there is little literature on the impact of FGM/C on female sexuality, mental health and genital self- image after clitoral reconstructive surgery."
_,"Our aim was to assess sexual function, psychopathology and genital self-image in a type II FGM/C patient."
Research_Theme,The patient was assessed prior to FGM/C reconstructive surgery and at a 6-month follow-up.
_,"At follow- up, she reported an improvement in sexual function and a clear improvement of the psychopathological state."
_,"However, a worsening in genital self-image was also endorsed after the surgery."
_,"Our findings uphold that FGM/C reconstructive surgery can lessen psychopathological and sexual distress, although more research is needed in order to increase awareness of the potential benefits of genital reconstruction and to perfect the surgery procedures."
_,These results have repercussions for health practitioners and psychologists alike in terms of developing prevention strategies and treatment protocols for FGM/C women.
