label,sentence
_,Posttraumatic Stress Disorder Relapse and Clitoral Reconstruction After Female Genital Mutilation.
_,ABSTRACT
_,BACKGROUND
_,Evidence on clitoral reconstruction after female genital mutilation is lacking.
_,CASE
_,A woman with female genital mutilation experiencing clitoral pain during sex consulted to undergo clitoral reconstruction.
Research_Theme,The surgery was complicated by a wound infection responsible for severe postoperative pain.
_,Such genital pain made our patient recall the traumatic experience of genital mutilation and experience a relapse of posttraumatic stress disorder symptoms.
_,"She reported anxiety; spontaneous, intrusive recurrent memories of the cutting; hypervigilance; and depressed mood."
_,We successfully treated the infection and posttraumatic stress disorder.
_,"At 6 months postsurgery, she reported no clitoral pain and improved sexual function."
_,CONCLUSION
_,Genital pain after clitoral reconstruction may cause recall of memories of the genital mutilation.
_,We recommend multidisciplinary comprehensive psychosexual care and adequate analgesia.
