label,sentence
_,"Trends in road traffic accidents in Anambra State, South Eastern Nigeria: need for targeted sensitization on safe roads."
_,Introduction: Road traffic accidents are leading cause of injuries and deaths globally.
_,Low income economies are the most affected.
_,Most causes of RTA are predictable and preventable.
_,"This study describes trends and causes of road traffic accidents in Anambra State, South Eastern Nigeria."
Research_Theme,Methods: We conducted a retrospective study of road traffic accidents from 2010 to 2014.
_,"Data were obtained from the Federal Road Safety Commission, Anambra State Command."
_,"Information extracted included sex, age, cause of accidents, number of people and type of vehicles involved."
_,"Cases were recorded as fatal if any victim died, serious if any victim was hospitalized for more than 24 hours and minor if any victim was hospitalized for less than 24 hours."
_,"Causes of accidents were classified into human, mechanical, and climatic factors."
_,Univariate analysis to generate frequencies and proportions was conducted using Microsoft Office Excel 2007.
_,"Results: A total of 1,141 road traffic accidents consisting 271 fatalities, 652 serious and 218 minor cases were recorded in Anambra State from 2010-2014."
_,"Seven thousand, four hundred and forty-four persons involving 1,816 vehicles were involved in RTA that resulted in 448 deaths and 2,785 injuries."
_,More deaths 348 (77%) and injuries 2009 (72%) occurred more in males than females.
_,Major causes of road traffic accidents were loss of vehicle control 256 (17%) and speed violation 207 (14%).
_,"There was an increased number of persons involved in RTA in 2014 (1,842) compared with 2010 (299)."
_,"In all, 3,233 casualties (deaths and injuries) and crashes (fatal, serious and minor) were recorded out of which 900 (27.8%) casualties and 294 (9.1%) crashes occurred in 2013."
_,"Conclusion: Leading causes of road traffic accidents are human factors; speed violation, loss of vehicle control and dangerous driving which are sadly preventable."
_,Sensitization and enforcement of safe road principles among commercial vehicles and car drivers will help curb this menace.
_,Government at all levels should implement strong policies aimed at reducing the speed of vehicles on roads.
_,Keywords: Anambra; Nigeria; Roads traffic accidents; fatal injuries; trends.
