label,sentence
_,Title: Measuring the well-being of health care professionals in the Punjab: a psychometric evaluation of the Warwick–Edinburgh Mental Well-being Scale in a Pakistani populatio
_,Background.
_,There is growing awareness of the public health importance of mental well-being both in the general population and in specific groups.
_,The well-being of health professionals is likely to influence the quality of the care they deliver.
_,"This study was carried out to examine the well-being of Pakistani healthcare professionals, and to evaluate the psychometric performance of the Warwick–Edinburgh Mental Well-being Scale (WEMWBS) in this population."
_,Methods.
Research_Theme,"A cross-sectional survey was carried out from June, 2013 to December, 2014 among 1,271 Pakistani health care providers (HCPs) working in seven different cities in Punjab province, Pakistan, to examine the acceptability, internal consistency, test-retest reliability and content and construct validity of the English version of the WEMWBS in a Pakistani population sample."
_,All data were analyzed in SPSS v. 21.
_,Results.
_,"Our analysis demonstrated unidimensional construct validity, high internal consistency (0.89) and test-retest reliability, good validity and easy readability of WEMWBS in our sample of Pakistani HCPs."
_,"The mean WEMWBS score was 48.1 (SD 9.4), which is lower than in the general population in other countries."
_,"Male HCPs scored significantly higher on the WEMWBS than their female counterparts (P < 0.05), and older respondents had higher scores."
_,Conclusion.
_,"The WEMWBS appears acceptable for use in Pakistani HCPs, and findings from this study verify its validity and internal consistency for this population sample."
_,Our respondents had lower well-being scores than those reported in general population surveys in the UK.
