label,sentence
_,"Title: Diet improves perception of health and well-being in symptomatic, but not asymptomatic, patients with celiac disease."
_,BACKGROUND & AIMS
_,The benefits of serologic screening and early diagnosis of celiac disease in asymptomatic patients are not known.
_,We investigated the impact of a gluten-free diet on self-perceived health and well-being in symptomatic and asymptomatic patients with celiac disease.
_,METHODS
Research_Theme,We performed a prospective study of 698 consecutive adults newly diagnosed with celiac disease because of classic (n = 490) or extraintestinal (n = 62) symptoms or through screening of at-risk groups (n = 146; 23 were asymptomatic and analyzed separately).
_,The survey included questions on health and well-being; quality of life was evaluated by the psychological general well-being (PGWB) questionnaire.
_,Patients were followed for 1 year of treatment; 110 healthy subjects served as controls.
_,RESULTS
_,"On a gluten-free diet, self-perceived health improved significantly among patients with classic symptoms and those detected by screening."
_,"Patients in all groups were equally concerned about their health before the diagnosis, but anxiety was alleviated by the gluten-free diet."
_,"At diagnosis, the quality of life reduced among all 3 groups but improved significantly among patients on the diet."
_,"Among the 23 asymptomatic patients, perception of health worsened and concern about health increased while they were on the diet."
_,CONCLUSIONS
_,Self-perceived health and well-being were low among patients at the time they were diagnosed with celiac disease.
_,"Most patients benefited from a gluten-free diet, so it is important to identify patients with celiac disease."
_,"Perception of health decreased among asymptomatic cases, which discourages population-based screening."
