label,sentence
_,Title: International Health Experiences in Family Medicine Residency Training
_,Abstract
_,"Background and objectives: International health experiences (IHEs) have been associated with improved clinical skills, altruistic attitudes, cross-cultural sensitivity, and exposure to community medicine for residents and medical students."
_,"Although an increasing number of family medicine residencies offer IHEs, there are currently no standardized competencies or guidelines for developing IHEs."
_,The aim of this study was to examine the content of IHEs in order to provide an overview of the current landscape of global health training in family medicine residency programs.
Research_Theme,"Methods: Residency programs self-identifying as offering IHEs on the American Medical Association's (AMA) FREIDA Online website were emailed an electronic survey with questions regarding IHE characteristics, resident selection criteria, faculty support, motivations for participation, challenges to implementation, and funding."
_,"Results: Of the 153 programs that responded, 84% still offered IHEs."
_,Most IHEs are 3--4 weeks (71.1%) and are funded by the resident (74.2%).
_,Faculty from the resident's department or institution generally provide supervision (76.6%) and have undergone some type of specialized training in global health (65.6%).
_,"Being in good academic standing was the most important eligibility criteria for residents participating in an IHE (86.7%), and funding was reported as the most challenging aspect (62.5%) of offering IHEs."
_,"Conclusions: IHEs are increasing in number and receiving more funding, but the experiences are variable among residency programs."
_,"While most program directors believe residents participate in IHEs to gain exposure with underserved populations, only a small percentage (5.5%) include a commitment to community service as part of a requirement for participation in an IHE."
