label,sentence
_,Title: Effect of kindness-based meditation on health and well-being: a systematic review and meta-analysis.
_,OBJECTIVE
_,Kindness-based meditation (KBM) is a rubric covering meditation techniques developed to elicit kindness in a conscious way.
_,"Some techniques, for example, loving-kindness meditation and compassion meditation, have been included in programs aimed at improving health and well-being."
_,Our aim was to systematically review and meta-analyze the evidence available from randomized controlled trials (RCTs) comparing the effects of KBM on health and well-being against passive and active control groups in patients and the general population.
_,METHOD
_,Searches were completed in March 2013.
Research_Theme,"Two reviewers applied predetermined eligibility criteria (RCTs, peer-reviewed publications, theses or conference proceedings, adult participants, KBM interventions) and extracted the data."
Research_Theme,Meta-analyses used random-effects models.
_,RESULTS
_,Twenty-two studies were included.
_,"KBM was moderately effective in decreasing self-reported depression (standard mean difference [Hedges's g] = -0.61, 95% confidence interval [CI] [-1.08, -0.14]) and increasing mindfulness (Hedges's g = 0.63, 95% CI [0.22, 1.05]), compassion (Hedges's g = 0.61, 95% CI [0.24, 0.99]) and self-compassion (Hedges's g = 0.45, 95% CI [0.15, 0.75]) against passive controls."
_,"Positive emotions were increased (Hedges's g = 0.42, 95% CI [0.10, 0.75]) against progressive relaxation."
_,Exposure to KBM may initially be challenging for some people.
_,"RESULTS were inconclusive for some outcomes, in particular against active controls."
_,The methodological quality of the reports was low to moderate.
_,RESULTS suffered from imprecision due to wide CIs deriving from small studies.
_,CONCLUSIONS
_,KBM showed evidence of benefits for the health of individuals and communities through its effects on well-being and social interaction.
_,Further research including well-conducted large RCTs is warranted.
