label,sentence
_,"Comparison of under-five mortality for 2000, 2005 and 2011 surveys in Ethiopia"
_,Background: Though the socio-economic situation of the Ethiopian household is improving along with the decrease in under-five child mortality.
_,"But, under-five mortality is still one of the major problems."
_,Identification of the risk factors change over time which mismatches with the diminishing rate of under-five mortality is important to address the problems.
Research_Theme,"Methods: The survey data used for this research was taken from three different Ethiopian Demographic and Health Surveys (2000, 2005 and 2011)."
Research_Theme,This data was used to identify the effect of time varying under-five mortality risk factors.
Research_Theme,The Cox proportional hazard model was adapted for the analysis.
_,"Results: The effect of respondent's current age, age at first birth and educational level on the under-five mortality rate significantly diminishes in the recent surveys."
_,"On the other hand, the effect of the number of births in the last 5 years increases more in 2011 than in the earlier two surveys."
_,"Similarly, number of household members in the house and the number of under-five children in the house demonstrated a difference through years."
_,"Regarding total children ever born, child death is more for the year 2000 followed by 2005 and 2011."
_,"Conclusion: Based on the study, our findings confirmed that under-five mortality is a serious problem in the country."
_,The analysis displayed that the hazard of under-five mortality has a decreasing pattern in years.
_,The result for regions showed that there was an increase in years for some of the regions.
_,This research work gives necessary information to device improved teaching for family planning and children health care to change the child mortality circumstance in the country.
_,Our study suggests that the impact of demographic characteristics and socio-economic factors on child mortality should account for their integral changes over time.
_,Keywords: Baseline hazard function; Cross-sectional study; Demographic Health Survey (DHS); Hazard ratio; Survival function.
