label,sentence
_,[Suicide mortality: gender and socioeconomic differences].
_,OBJECTIVE: To describe suicide mortality trend and sociodemographic patterns identifying gender and socioeconomic differences.
Research_Theme,"METHODS: The trend of crude rates of suicide mortality by sex in the city of Campinas, Brazil, for the period 1976-2001 was assessed."
Research_Theme,Data from the Mortality Registry were used for sociodemographic analyses in the period 1996-2001.
Research_Theme,An ecological approach was used to examine socioeconomic differences and the 42 city areas of health care units were classified into 4 homogeneous strata.
Research_Theme,Rates were age-adjusted using direct method.
_,"RESULTS: The city has a low suicide rate (less than 5/100,000) in comparison with other countries."
_,Male excess mortality was over 2.7 male suicides for each female suicide.
_,"While in 1980-1985 the older group (55 years and older) had the highest suicide rates, in 1997-2001 the middle-aged adult group (35-54 years old) showed the highest ones."
_,"As for suicide methods, men used hanging (36.4%) and firearms (31.8%), while women used poisoning (24.2%) and firearms and hanging (21.2% each)."
_,"Hangings led to death at home, while firearms or poisoning deaths took place more often in hospitals."
_,Suicide is different from homicide in that there is no rate increase with lower socioeconomic level.
_,CONCLUSIONS: Suicide rates are low with successive increments and decrements without consistent growing or lowering trends.
_,The risk of dying by suicide is higher among men and does not increase with lower socioeconomic condition.
