label,sentence
_,Title: Validation of the Functional Assessment of Chronic Illness Therapy—Spiritual Well-being (FACIT-Sp12) on French Old People
_,"The study aimed to develop a French version of the Functional Assessment of Chronic Illness Therapy—Spiritual Well-being short version (FACIT-Sp12), in order to provide a self-reported measure for French people in the field of gerontology."
Research_Theme,"The study involving 63 nursing home residents was conducted to evaluate the construct validity, reliability, and convergence validity of the FACIT-Sp12."
_,"A confirmatory factor analysis corroborated a three-factor model (Meaning, Peace and Faith) with modifications for two items, also valid among people with cognitive impairment."
_,Subscales showed good internal consistency and are correlated with quality of life and depression.
_,"In conclusion, the validated French version is an suitable instrument to study the maintenance and promotion of quality of life in the elderly."
