label,sentence
_,Suicide mortality trends in young people aged 15 to 19 years in Lithuania.
_,AIM: This paper considers the suicide mortality trends from 1990-2009 in young people aged 15 to 19 years in Lithuania.
Research_Theme,"METHODS: Suicide and injury mortality data, plus mortality data from all causes, were used to compare the trend lines."
_,"RESULTS: Suicide mortality rate in young people aged 15-19 years and in all population showed a rising trend from 1990, and then a decreasing trend from 2002 year."
_,This trend was significant exclusively in boys.
_,"When comparing suicide deaths as a percentage of injury deaths and of all deaths in the age group 15-19 years, rising trends for boys were evident, whilst in girls, there was no evidence of change."
_,"CONCLUSIONS: In Lithuania, from early 1990s, the frequency of suicide increased amongst adults and young people aged 15-19 years."
_,"After 2002, a decrease in deaths by suicide was observed both for the whole population and for young people aged 15-19 years."
_,The rise and fall was obvious for boys.
_,"The reasons for different trends may have been influenced by the political and socioeconomic instability in the 1990-2002 period, and the socioeconomic stability, together with active preventive measures, from 2002."
_,"Although the consumption of modern Selective serotonin reuptake inhibitors  (SSRIs) increased during the same time, suicide mortality was again high during the economic crisis in 2008-2009."
