label,sentence
_,Burden of Substance Abuse-Related Admissions to the Medical ICU.
_,"Background: Admissions to the ICU related to alcohol, prescription drugs, and illicit drugs are shown to be widespread and costly."
_,"In 1993, a study revealed 28% of ICU admissions at Johns Hopkins Hospital were related to substance abuse and accrued 39% of costs."
_,"Since then, health-care expenditures have increased, and substance abuse treatment admissions have risen."
Research_Theme,"We conducted a study to provide updated data on ICU utilization and costs related to licit and illicit abuse at a large county hospital in Indianapolis, Indiana."
_,Methods: All admissions to the medical ICU at Eskenazi Hospital from March to October 2017 were reviewed.
_,"Demographics, reason for admission, relation to substance abuse and specific substance, ICU and hospital length of stay, Acute Physiology and Chronic Health Evaluation II (APACHE II) scores, mortality, insurance status, and hospital charges were collected based on chart review."
_,"Results: A total of 611 admissions generated $74,587,280.35 in charges."
_,A total of 25.7% of admissions related to substance abuse accounted for 23.1% of total charges.
_,"Illicit drugs were 13% of total admissions, generating 11% of charges."
_,"Alcohol-related admissions were 9.5% of total admissions, generating 7.6% of charges."
_,"Prescription drugs were 2.9% of admissions, generating 4.2% of charges."
_,"Of the substance abuse admissions, patients were generally men and 40 to 64 years of age, with longer ICU stay, higher APACHE II scores, and higher mortality."
_,Conclusions: Substance abuse admissions make up almost a one-quarter of resources used by our ICU.
_,Patients tend to be younger and sicker with a higher risk of death.
_,Identifying and accurately describing the landscape of this current health crisis will help us take appropriate action in the future.
